rank,file,t_sec,score,U,A,D,n_boxes,n_ambiguous,empty,selected
1,frame_0022.jpg,8.8,0.7,0.0,0.0,1.0,0,0,True,True
2,frame_0291.jpg,116.4,0.6821,0.5996,0.7143,0.84,6,5,False,True
3,frame_0031.jpg,12.4,0.6575,0.5721,0.5714,1.0,4,4,False,True
4,frame_0123.jpg,49.2,0.6467,0.866,0.2857,0.64,4,2,False,True
5,frame_0029.jpg,11.6,0.6433,0.5438,0.5714,1.0,5,4,False,False
6,frame_0295.jpg,118.0,0.6387,0.8339,0.2857,0.68,3,2,False,False
7,frame_0276.jpg,110.4,0.6343,0.6583,0.8571,0.24,7,6,False,True
8,frame_0010.jpg,4.0,0.6297,0.8594,0.0,1.0,1,0,False,True
9,frame_0070.jpg,28.0,0.6295,0.6875,0.2857,1.0,4,2,False,True
10,frame_0004.jpg,1.6,0.6269,0.5966,0.4286,1.0,4,3,False,True
11,frame_0384.jpg,153.6,0.6249,0.6715,0.8571,0.16,6,6,False,True
12,frame_0170.jpg,68.0,0.619,0.7032,0.5714,0.48,7,4,False,True
13,frame_0317.jpg,126.8,0.5983,0.7737,0.5714,0.2,5,4,False,True
14,frame_0073.jpg,29.2,0.5899,0.6084,0.2857,1.0,5,2,False,False
15,frame_0016.jpg,6.4,0.585,0.5129,0.4286,1.0,3,3,False,True
16,frame_0130.jpg,52.0,0.5844,0.5436,0.4286,0.92,5,3,False,False
17,frame_0129.jpg,51.6,0.5829,0.5566,0.4286,0.88,5,3,False,False
18,frame_0079.jpg,31.6,0.5822,0.4159,0.7143,0.8,5,5,False,False
19,frame_0275.jpg,110.0,0.5818,0.7407,0.5714,0.2,5,4,False,False
20,frame_0197.jpg,78.8,0.58,0.0,0.0,0.4,0,0,True,False
21,frame_0008.jpg,3.2,0.579,0.5866,0.2857,1.0,3,2,False,False
22,frame_0293.jpg,117.2,0.5741,0.5871,0.4286,0.76,4,3,False,False
23,frame_0013.jpg,5.2,0.5721,0.5728,0.2857,1.0,2,2,False,False
24,frame_0020.jpg,8.0,0.5721,0.5727,0.2857,1.0,3,2,False,False
25,frame_0290.jpg,116.0,0.569,0.5608,0.4286,0.8,5,3,False,False
26,frame_0301.jpg,120.4,0.5686,0.6184,0.5714,0.44,6,4,False,False
27,frame_0208.jpg,83.2,0.5654,0.6554,0.2857,0.76,2,2,False,False
28,frame_0002.jpg,0.8,0.5624,0.4677,0.4286,1.0,6,3,False,False
29,frame_0028.jpg,11.2,0.5573,0.5431,0.2857,1.0,3,2,False,False
30,frame_0032.jpg,12.8,0.5556,0.6254,0.1429,1.0,2,1,False,False
31,frame_0005.jpg,2.0,0.5534,0.5354,0.2857,1.0,5,2,False,False
32,frame_0216.jpg,86.4,0.5534,0.9307,0.0,0.44,2,0,False,False
33,frame_0397.jpg,158.8,0.5525,0.6822,0.5714,0.2,7,4,False,False
34,frame_0296.jpg,118.4,0.5518,0.5905,0.4286,0.64,4,3,False,False
35,frame_0169.jpg,67.6,0.5516,0.5524,0.5714,0.52,6,4,False,False
36,frame_0009.jpg,3.6,0.5514,0.5313,0.2857,1.0,2,2,False,False
37,frame_0090.jpg,36.0,0.5492,0.783,0.2857,0.36,2,2,False,False
38,frame_0000.jpg,0.0,0.5469,0.5223,0.2857,1.0,5,2,False,False
39,frame_0014.jpg,5.6,0.5465,0.5216,0.2857,1.0,4,2,False,False
40,frame_0030.jpg,12.0,0.5463,0.4355,0.4286,1.0,5,3,False,False
41,frame_0025.jpg,10.0,0.546,0.6062,0.1429,1.0,2,1,False,False
42,frame_0068.jpg,27.2,0.5453,0.4335,0.4286,1.0,4,3,False,False
43,frame_0231.jpg,92.4,0.5427,0.6786,0.5714,0.16,7,4,False,False
44,frame_0075.jpg,30.0,0.5413,0.5272,0.2857,0.96,5,2,False,False
45,frame_0379.jpg,151.6,0.5395,0.463,1.0,0.04,9,7,False,False
46,frame_0003.jpg,1.2,0.5385,0.5055,0.2857,1.0,3,2,False,False
47,frame_0074.jpg,29.6,0.5379,0.4187,0.4286,1.0,6,3,False,False
48,frame_0072.jpg,28.8,0.5376,0.5038,0.2857,1.0,5,2,False,False
49,frame_0306.jpg,122.4,0.5371,0.721,0.4286,0.24,7,3,False,False
50,frame_0021.jpg,8.4,0.5353,0.4134,0.4286,1.0,5,3,False,False
51,frame_0122.jpg,48.8,0.5343,0.7429,0.1429,0.6,3,1,False,False
52,frame_0318.jpg,127.2,0.5319,0.7106,0.4286,0.24,7,3,False,False
53,frame_0285.jpg,114.0,0.5318,0.6521,0.2857,0.6,4,2,False,False
54,frame_0071.jpg,28.4,0.5293,0.5728,0.1429,1.0,4,1,False,False
55,frame_0387.jpg,154.8,0.5244,0.5402,0.7143,0.2,7,5,False,False
56,frame_0368.jpg,147.2,0.5243,0.6041,0.7143,0.04,7,5,False,False
57,frame_0019.jpg,7.6,0.5211,0.5564,0.1429,1.0,2,1,False,False
58,frame_0389.jpg,155.6,0.5198,0.563,0.7143,0.12,5,5,False,False
59,frame_0133.jpg,53.2,0.5188,0.4662,0.2857,1.0,4,2,False,False
60,frame_0128.jpg,51.2,0.5187,0.4443,0.4286,0.84,5,3,False,False
61,frame_0095.jpg,38.0,0.5174,0.628,0.5714,0.16,6,4,False,False
62,frame_0378.jpg,151.2,0.5086,0.471,0.8571,0.08,8,6,False,False
63,frame_0024.jpg,9.6,0.5061,0.6122,0.0,1.0,1,0,False,False
64,frame_0101.jpg,40.4,0.5061,0.8088,0.2857,0.08,2,2,False,False
65,frame_0327.jpg,130.8,0.5054,0.6519,0.5714,0.04,7,4,False,False
66,frame_0386.jpg,154.4,0.5031,0.653,0.4286,0.24,6,3,False,False
67,frame_0267.jpg,106.8,0.5026,0.7001,0.4286,0.12,3,3,False,False
68,frame_0191.jpg,76.4,0.5015,0.7676,0.2857,0.16,2,2,False,False
69,frame_0033.jpg,13.2,0.5012,0.431,0.2857,1.0,5,2,False,False
70,frame_0087.jpg,34.8,0.4997,0.636,0.2857,0.48,3,2,False,False
71,frame_0015.jpg,6.0,0.4985,0.4255,0.2857,1.0,4,2,False,False
72,frame_0118.jpg,47.2,0.4949,0.5566,0.4286,0.44,3,3,False,False
73,frame_0303.jpg,121.2,0.4938,0.6721,0.2857,0.36,3,2,False,False
74,frame_0011.jpg,4.4,0.4934,0.4154,0.2857,1.0,3,2,False,False
75,frame_0018.jpg,7.2,0.4924,0.4991,0.1429,1.0,3,1,False,False
76,frame_0083.jpg,33.2,0.4899,0.5524,0.2857,0.64,2,2,False,False
77,frame_0127.jpg,50.8,0.4891,0.5724,0.1429,0.8,4,1,False,False
78,frame_0329.jpg,131.6,0.489,0.7746,0.2857,0.08,5,2,False,False
79,frame_0220.jpg,88.0,0.4879,0.6923,0.2857,0.28,2,2,False,False
80,frame_0194.jpg,77.6,0.4874,0.6056,0.4286,0.28,3,3,False,False
81,frame_0108.jpg,43.2,0.4867,0.6145,0.5714,0.04,4,4,False,False
82,frame_0077.jpg,30.8,0.4838,0.4441,0.2857,0.88,5,2,False,False
83,frame_0375.jpg,150.0,0.4838,0.6304,0.4286,0.2,8,3,False,False
84,frame_0367.jpg,146.8,0.4823,0.5898,0.5714,0.08,8,4,False,False
85,frame_0115.jpg,46.0,0.4815,0.6635,0.2857,0.32,3,2,False,False
86,frame_0284.jpg,113.6,0.4804,0.5653,0.2857,0.56,5,2,False,False
87,frame_0209.jpg,83.6,0.4801,0.4151,0.4286,0.72,3,3,False,False
88,frame_0218.jpg,87.2,0.4786,0.6418,0.2857,0.36,2,2,False,False
89,frame_0374.jpg,149.6,0.4785,0.5341,0.5714,0.2,6,4,False,False
90,frame_0088.jpg,35.2,0.4775,0.5218,0.4286,0.44,4,3,False,False
91,frame_0027.jpg,10.8,0.4767,0.4676,0.1429,1.0,2,1,False,False
92,frame_0184.jpg,73.6,0.4762,0.5775,0.5714,0.08,5,4,False,False
93,frame_0007.jpg,2.8,0.4738,0.3761,0.2857,1.0,3,2,False,False
94,frame_0183.jpg,73.2,0.4705,0.6678,0.4286,0.04,4,3,False,False
95,frame_0023.jpg,9.2,0.4695,0.4532,0.1429,1.0,1,1,False,False
96,frame_0006.jpg,2.4,0.468,0.4502,0.1429,1.0,2,1,False,False
97,frame_0124.jpg,49.6,0.4679,0.4924,0.2857,0.68,6,2,False,False
98,frame_0069.jpg,27.6,0.4655,0.3596,0.2857,1.0,5,2,False,False
99,frame_0217.jpg,86.8,0.465,0.6842,0.1429,0.4,1,1,False,False
100,frame_0298.jpg,119.2,0.4647,0.4483,0.4286,0.56,5,3,False,False
101,frame_0294.jpg,117.6,0.4629,0.552,0.1429,0.72,4,1,False,False
102,frame_0120.jpg,48.0,0.4616,0.4581,0.4286,0.52,3,3,False,False
103,frame_0396.jpg,158.4,0.4596,0.6838,0.2857,0.16,5,2,False,False
104,frame_0302.jpg,120.8,0.4572,0.4973,0.4286,0.4,5,3,False,False
105,frame_0288.jpg,115.2,0.4556,0.5375,0.1429,0.72,4,1,False,False
106,frame_0230.jpg,92.0,0.4552,0.6053,0.4286,0.12,5,3,False,False
107,frame_0096.jpg,38.4,0.4544,0.6894,0.2857,0.12,4,2,False,False
108,frame_0132.jpg,52.8,0.4536,0.3357,0.2857,1.0,5,2,False,False
109,frame_0078.jpg,31.2,0.4523,0.3971,0.2857,0.84,5,2,False,False
110,frame_0203.jpg,81.2,0.4519,0.562,0.1429,0.64,2,1,False,False
111,frame_0304.jpg,121.6,0.4517,0.5183,0.4286,0.32,5,3,False,False
112,frame_0173.jpg,69.2,0.4496,0.6695,0.1429,0.36,3,1,False,False
113,frame_0289.jpg,115.6,0.4478,0.5915,0.0,0.76,3,0,False,False
114,frame_0026.jpg,10.4,0.4472,0.4086,0.1429,1.0,3,1,False,False
115,frame_0104.jpg,41.6,0.4457,0.672,0.2857,0.12,3,2,False,False
116,frame_0086.jpg,34.4,0.4451,0.5107,0.2857,0.52,3,2,False,False
117,frame_0292.jpg,116.8,0.4449,0.3983,0.2857,0.8,5,2,False,False
118,frame_0167.jpg,66.8,0.4448,0.4782,0.2857,0.6,5,2,False,False
119,frame_0126.jpg,50.4,0.4399,0.4044,0.2857,0.76,6,2,False,False
120,frame_0131.jpg,52.4,0.4378,0.4916,0.0,0.96,3,0,False,False
121,frame_0175.jpg,70.0,0.4349,0.5864,0.2857,0.28,4,2,False,False
122,frame_0309.jpg,123.6,0.4318,0.4728,0.5714,0.12,4,4,False,False
123,frame_0297.jpg,118.8,0.4314,0.4513,0.2857,0.6,4,2,False,False
124,frame_0210.jpg,84.0,0.4313,0.5049,0.1429,0.68,2,1,False,False
125,frame_0017.jpg,6.8,0.4307,0.3757,0.1429,1.0,4,1,False,False
126,frame_0106.jpg,42.4,0.4296,0.5861,0.4286,0.04,4,3,False,False
127,frame_0116.jpg,46.4,0.4289,0.628,0.1429,0.36,4,1,False,False
128,frame_0280.jpg,112.0,0.4283,0.6109,0.1429,0.4,4,1,False,False
129,frame_0215.jpg,86.0,0.4272,0.491,0.2857,0.48,2,2,False,False
130,frame_0076.jpg,30.4,0.4265,0.3992,0.1429,0.92,5,1,False,False
131,frame_0168.jpg,67.2,0.4258,0.4561,0.2857,0.56,5,2,False,False
132,frame_0176.jpg,70.4,0.42,0.4012,0.5714,0.24,6,4,False,False
133,frame_0311.jpg,124.4,0.4185,0.6496,0.2857,0.04,2,2,False,False
134,frame_0274.jpg,109.6,0.4169,0.5983,0.2857,0.16,6,2,False,False
135,frame_0213.jpg,85.2,0.414,0.5182,0.1429,0.56,1,1,False,False
136,frame_0377.jpg,150.8,0.4127,0.6917,0.1429,0.12,7,1,False,False
137,frame_0103.jpg,41.2,0.4112,0.5013,0.4286,0.16,3,3,False,False
138,frame_0278.jpg,111.2,0.4096,0.4341,0.4286,0.32,5,3,False,False
139,frame_0286.jpg,114.4,0.4091,0.3907,0.2857,0.64,5,2,False,False
140,frame_0117.jpg,46.8,0.4086,0.5714,0.1429,0.4,4,1,False,False
141,frame_0084.jpg,33.6,0.4085,0.577,0.0,0.6,2,0,False,False
142,frame_0195.jpg,78.0,0.408,0.5166,0.2857,0.32,2,2,False,False
143,frame_0376.jpg,150.4,0.4056,0.6615,0.1429,0.16,6,1,False,False
144,frame_0067.jpg,26.8,0.405,0.3242,0.1429,1.0,5,1,False,False
145,frame_0125.jpg,50.0,0.405,0.522,0.0,0.72,4,0,False,False
146,frame_0328.jpg,131.2,0.4032,0.5173,0.4286,0.08,8,3,False,False
147,frame_0319.jpg,127.6,0.394,0.4189,0.4286,0.28,7,3,False,False
148,frame_0202.jpg,80.8,0.3939,0.3763,0.2857,0.6,3,2,False,False
149,frame_0080.jpg,32.0,0.3929,0.3104,0.2857,0.76,3,2,False,False
150,frame_0281.jpg,112.4,0.3911,0.5204,0.1429,0.44,4,1,False,False
151,frame_0121.jpg,48.4,0.3891,0.4685,0.1429,0.56,3,1,False,False
152,frame_0391.jpg,156.4,0.3889,0.5047,0.4286,0.04,4,3,False,False
153,frame_0186.jpg,74.4,0.388,0.4172,0.5714,0.04,6,4,False,False
154,frame_0198.jpg,79.2,0.3872,0.5126,0.1429,0.44,1,1,False,False
155,frame_0279.jpg,111.6,0.3865,0.4575,0.2857,0.36,5,2,False,False
156,frame_0314.jpg,125.6,0.3848,0.5661,0.2857,0.08,3,2,False,False
157,frame_0206.jpg,82.4,0.3842,0.3786,0.1429,0.76,1,1,False,False
158,frame_0012.jpg,4.8,0.3839,0.2821,0.1429,1.0,3,1,False,False
159,frame_0332.jpg,132.8,0.3829,0.5784,0.2857,0.04,5,2,False,False
160,frame_0305.jpg,122.0,0.3804,0.4774,0.2857,0.28,5,2,False,False
161,frame_0307.jpg,122.8,0.3791,0.5924,0.1429,0.2,6,1,False,False
162,frame_0277.jpg,110.8,0.3779,0.4724,0.2857,0.28,6,2,False,False
163,frame_0105.jpg,42.0,0.3764,0.4636,0.4286,0.08,5,3,False,False
164,frame_0179.jpg,71.6,0.3759,0.4467,0.4286,0.12,4,3,False,False
165,frame_0091.jpg,36.4,0.3757,0.5377,0.1429,0.32,2,1,False,False
166,frame_0082.jpg,32.8,0.3731,0.3884,0.1429,0.68,2,1,False,False
167,frame_0174.jpg,69.6,0.3719,0.5301,0.1429,0.32,4,1,False,False
168,frame_0273.jpg,109.2,0.3718,0.4384,0.4286,0.12,4,3,False,False
169,frame_0199.jpg,79.6,0.3716,0.4654,0.1429,0.48,1,1,False,False
170,frame_0323.jpg,129.2,0.3669,0.6001,0.1429,0.12,2,1,False,False
171,frame_0188.jpg,75.2,0.3655,0.4579,0.4286,0.04,7,3,False,False
172,frame_0381.jpg,152.4,0.3649,0.4567,0.4286,0.04,4,3,False,False
173,frame_0308.jpg,123.2,0.3642,0.493,0.2857,0.16,5,2,False,False
174,frame_0333.jpg,133.2,0.3633,0.5232,0.2857,0.08,5,2,False,False
175,frame_0233.jpg,93.2,0.363,0.5442,0.1429,0.24,4,1,False,False
176,frame_0300.jpg,120.0,0.3608,0.5295,0.0,0.48,3,0,False,False
177,frame_0177.jpg,70.8,0.3604,0.3837,0.4286,0.2,5,3,False,False
178,frame_0171.jpg,68.4,0.3598,0.3721,0.2857,0.44,3,2,False,False
179,frame_0394.jpg,157.6,0.3576,0.426,0.4286,0.08,4,3,False,False
180,frame_0178.jpg,71.2,0.3566,0.5635,0.1429,0.16,3,1,False,False
181,frame_0185.jpg,74.0,0.3562,0.509,0.2857,0.08,4,2,False,False
182,frame_0385.jpg,154.0,0.355,0.4586,0.2857,0.2,5,2,False,False
183,frame_0299.jpg,119.6,0.3535,0.4133,0.1429,0.52,3,1,False,False
184,frame_0085.jpg,34.0,0.3528,0.4816,0.0,0.56,2,0,False,False
185,frame_0097.jpg,38.8,0.3519,0.586,0.1429,0.08,4,1,False,False
186,frame_0001.jpg,0.4,0.3513,0.3026,0.0,1.0,6,0,False,False
187,frame_0111.jpg,44.4,0.3478,0.6315,0.0,0.16,3,0,False,False
188,frame_0395.jpg,158.0,0.3463,0.4731,0.2857,0.12,4,2,False,False
189,frame_0320.jpg,128.0,0.345,0.4225,0.2857,0.24,6,2,False,False
190,frame_0287.jpg,114.8,0.3448,0.4175,0.0,0.68,5,0,False,False
191,frame_0219.jpg,87.6,0.3401,0.4664,0.1429,0.32,2,1,False,False
192,frame_0081.jpg,32.4,0.3388,0.3039,0.1429,0.72,3,1,False,False
193,frame_0180.jpg,72.0,0.3345,0.4656,0.2857,0.08,5,2,False,False
194,frame_0201.jpg,80.4,0.3343,0.3588,0.1429,0.56,2,1,False,False
195,frame_0283.jpg,113.2,0.3338,0.3738,0.1429,0.52,5,1,False,False
196,frame_0224.jpg,89.6,0.3322,0.6163,0.0,0.12,3,0,False,False
197,frame_0269.jpg,107.6,0.3321,0.5624,0.1429,0.04,3,1,False,False
198,frame_0398.jpg,159.2,0.3275,0.3875,0.2857,0.24,5,2,False,False
199,frame_0330.jpg,132.0,0.3252,0.463,0.2857,0.04,6,2,False,False
200,frame_0112.jpg,44.8,0.3236,0.4814,0.1429,0.2,3,1,False,False
201,frame_0094.jpg,37.6,0.3223,0.3931,0.2857,0.2,4,2,False,False
202,frame_0268.jpg,107.2,0.3209,0.3527,0.4286,0.08,5,3,False,False
203,frame_0222.jpg,88.8,0.3205,0.3038,0.4286,0.2,4,3,False,False
204,frame_0390.jpg,156.0,0.3196,0.4357,0.2857,0.08,7,2,False,False
205,frame_0225.jpg,90.0,0.317,0.4305,0.2857,0.08,6,2,False,False
206,frame_0223.jpg,89.2,0.3112,0.387,0.2857,0.16,4,2,False,False
207,frame_0100.jpg,40.0,0.3102,0.433,0.2857,0.04,4,2,False,False
208,frame_0092.jpg,36.8,0.31,0.4223,0.1429,0.28,3,1,False,False
209,frame_0282.jpg,112.8,0.3085,0.4251,0.0,0.48,2,0,False,False
210,frame_0102.jpg,40.8,0.3063,0.4788,0.1429,0.12,2,1,False,False
211,frame_0371.jpg,148.4,0.3043,0.4052,0.2857,0.08,2,2,False,False
212,frame_0383.jpg,153.2,0.3032,0.4727,0.1429,0.12,2,1,False,False
213,frame_0211.jpg,84.4,0.303,0.2643,0.1429,0.64,2,1,False,False
214,frame_0093.jpg,37.2,0.3015,0.5071,0.0,0.24,2,0,False,False
215,frame_0114.jpg,45.6,0.2998,0.3161,0.2857,0.28,6,2,False,False
216,frame_0388.jpg,155.2,0.2995,0.3636,0.2857,0.16,6,2,False,False
217,frame_0229.jpg,91.6,0.2985,0.3936,0.2857,0.08,6,2,False,False
218,frame_0315.jpg,126.0,0.2934,0.4531,0.1429,0.12,4,1,False,False
219,frame_0373.jpg,149.2,0.2918,0.4338,0.1429,0.16,4,1,False,False
220,frame_0098.jpg,39.2,0.2908,0.3942,0.2857,0.04,4,2,False,False
221,frame_0113.jpg,45.2,0.2891,0.3108,0.2857,0.24,5,2,False,False
222,frame_0200.jpg,80.0,0.2885,0.2832,0.1429,0.52,2,1,False,False
223,frame_0310.jpg,124.0,0.2845,0.3655,0.2857,0.08,3,2,False,False
224,frame_0189.jpg,75.6,0.2842,0.5363,0.0,0.08,4,0,False,False
225,frame_0221.jpg,88.4,0.2838,0.3858,0.1429,0.24,4,1,False,False
226,frame_0190.jpg,76.0,0.2831,0.3467,0.2857,0.12,3,2,False,False
227,frame_0324.jpg,129.6,0.2774,0.3513,0.2857,0.08,3,2,False,False
228,frame_0232.jpg,92.8,0.2754,0.385,0.1429,0.2,7,1,False,False
229,frame_0109.jpg,43.6,0.2714,0.3393,0.2857,0.08,6,2,False,False
230,frame_0316.jpg,126.4,0.2642,0.3787,0.1429,0.16,5,1,False,False
231,frame_0226.jpg,90.4,0.2634,0.3394,0.2857,0.04,5,2,False,False
232,frame_0089.jpg,35.6,0.2618,0.2779,0.1429,0.4,5,1,False,False
233,frame_0207.jpg,82.8,0.2521,0.1842,0.0,0.8,1,0,False,False
234,frame_0204.jpg,81.6,0.2492,0.2264,0.0,0.68,1,0,False,False
235,frame_0110.jpg,44.0,0.2457,0.3576,0.1429,0.12,1,1,False,False
236,frame_0212.jpg,84.8,0.2455,0.251,0.0,0.6,1,0,False,False
237,frame_0399.jpg,159.6,0.2437,0.2896,0.1429,0.28,5,1,False,False
238,frame_0321.jpg,128.4,0.2373,0.3088,0.1429,0.2,5,1,False,False
239,frame_0228.jpg,91.2,0.2345,0.3672,0.1429,0.04,4,1,False,False
240,frame_0271.jpg,108.4,0.233,0.45,0.0,0.04,2,0,False,False
241,frame_0393.jpg,157.2,0.2277,0.3537,0.1429,0.04,4,1,False,False
242,frame_0214.jpg,85.6,0.2262,0.2444,0.0,0.52,1,0,False,False
243,frame_0193.jpg,77.2,0.213,0.33,0.0,0.24,5,0,False,False
244,frame_0325.jpg,130.0,0.2097,0.3177,0.1429,0.04,2,1,False,False
245,frame_0370.jpg,148.0,0.2084,0.2294,0.2857,0.04,5,2,False,False
246,frame_0205.jpg,82.0,0.2083,0.1287,0.0,0.72,2,0,False,False
247,frame_0322.jpg,128.8,0.2068,0.2638,0.1429,0.16,5,1,False,False
248,frame_0272.jpg,108.8,0.1969,0.2761,0.1429,0.08,4,1,False,False
249,frame_0192.jpg,76.8,0.1952,0.2246,0.1429,0.2,3,1,False,False
250,frame_0196.jpg,78.4,0.1852,0.2265,0.0,0.36,2,0,False,False
251,frame_0313.jpg,125.2,0.185,0.354,0.0,0.04,2,0,False,False
252,frame_0172.jpg,68.8,0.162,0.1639,0.0,0.4,4,0,False,False
253,frame_0119.jpg,47.6,0.1606,0.1292,0.0,0.48,1,0,False,False
254,frame_0372.jpg,148.8,0.1595,0.271,0.0,0.12,4,0,False,False
255,frame_0181.jpg,72.4,0.1571,0.2125,0.1429,0.04,6,1,False,False
256,frame_0382.jpg,152.8,0.0799,0.1277,0.0,0.08,2,0,False,False
